Workbook

Sheet Truhen_Tracker
A1: ID | B1: Spielername | C1: Rang | D1: Startdatum | E1: Unter_100M | F1: Ziel_Quote | G1: Truhen_Punkte | H1: Turmbau_Punkte | I1: Gesamt_Punkte | J1: Quote_Erreicht
A2: 1 | B2: LegatusLabienus | C2: Anführer | D2: 22.10.2026 | E2: Nein | F2: =IF(E2="Ja", 12500, 15000) * MAX(0, MIN(1, (28 - MAX(0, DATE(2026,10,22) - DATEVALUE(D2))) / 28)) | G2: =SUMIF(Erfasste_Truhen_Feed!C:C, B2, Erfasste_Truhen_Feed!F:F) | H2: =IFERROR(VLOOKUP(B2, Turmbau_Tracker!B:E, 4, FALSE), 0) | I2: =G2+H2 | J2: =IF(I2>=F2, "Ja", "Nein")
A3: 2 | B3: man of war | C3: Vorgesetzter | D3: 22.10.2026 | E3: Nein | F3: =IF(E3="Ja", 12500, 15000) * MAX(0, MIN(1, (28 - MAX(0, DATE(2026,10,22) - DATEVALUE(D3))) / 28)) | G3: =SUMIF(Erfasste_Truhen_Feed!C:C, B3, Erfasste_Truhen_Feed!F:F) | H3: =IFERROR(VLOOKUP(B3, Turmbau_Tracker!B:E, 4, FALSE), 0) | I3: =G3+H3 | J3: =IF(I3>=F3, "Ja", "Nein")
A4: 3 | B4: Miss Dire | C4: Vorgesetzter | D4: 22.10.2026 | E4: Nein | F4: =IF(E4="Ja", 12500, 15000) * MAX(0, MIN(1, (28 - MAX(0, DATE(2026,10,22) - DATEVALUE(D4))) / 28)) | G4: =SUMIF(Erfasste_Truhen_Feed!C:C, B4, Erfasste_Truhen_Feed!F:F) | H4: =IFERROR(VLOOKUP(B4, Turmbau_Tracker!B:E, 4, FALSE), 0) | I4: =G4+H4 | J4: =IF(I4>=F4, "Ja", "Nein")
A5: 4 | B5: WYSIWYG | C5: Vorgesetzter | D5: 22.10.2026 | E5: Nein | F5: =IF(E5="Ja", 12500, 15000) * MAX(0, MIN(1, (28 - MAX(0, DATE(2026,10,22) - DATEVALUE(D5))) / 28)) | G5: =SUMIF(Erfasste_Truhen_Feed!C:C, B5, Erfasste_Truhen_Feed!F:F) | H5: =IFERROR(VLOOKUP(B5, Turmbau_Tracker!B:E, 4, FALSE), 0) | I5: =G5+H5 | J5: =IF(I5>=F5, "Ja", "Nein")
A6: 5 | B6: LedZep2 | C6: Vorgesetzter | D6: 22.10.2026 | E6: Nein | F6: =IF(E6="Ja", 12500, 15000) * MAX(0, MIN(1, (28 - MAX(0, DATE(2026,10,22) - DATEVALUE(D6))) / 28)) | G6: =SUMIF(Erfasste_Truhen_Feed!C:C, B6, Erfasste_Truhen_Feed!F:F) | H6: =IFERROR(VLOOKUP(B6, Turmbau_Tracker!B:E, 4, FALSE), 0) | I6: =G6+H6 | J6: =IF(I6>=F6, "Ja", "Nein")
A7: 6 | B7: Frederico Freitas | C7: Vorgesetzter | D7: 22.10.2026 | E7: Nein | F7: =IF(E7="Ja", 12500, 15000) * MAX(0, MIN(1, (28 - MAX(0, DATE(2026,10,22) - DATEVALUE(D7))) / 28)) | G7: =SUMIF(Erfasste_Truhen_Feed!C:C, B7, Erfasste_Truhen_Feed!F:F) | H7: =IFERROR(VLOOKUP(B7, Turmbau_Tracker!B:E, 4, FALSE), 0) | I7: =G7+H7 | J7: =IF(I7>=F7, "Ja", "Nein")
A8: 7 | B8: kikito | C8: Vorgesetzter | D8: 22.10.2026 | E8: Nein | F8: =IF(E8="Ja", 12500, 15000) * MAX(0, MIN(1, (28 - MAX(0, DATE(2026,10,22) - DATEVALUE(D8))) / 28)) | G8: =SUMIF(Erfasste_Truhen_Feed!C:C, B8, Erfasste_Truhen_Feed!F:F) | H8: =IFERROR(VLOOKUP(B8, Turmbau_Tracker!B:E, 4, FALSE), 0) | I8: =G8+H8 | J8: =IF(I8>=F8, "Ja", "Nein")
A9: 8 | B9: Parvus 51 | C9: Offizier | D9: 22.10.2026 | E9: Nein | F9: =IF(E9="Ja", 12500, 15000) * MAX(0, MIN(1, (28 - MAX(0, DATE(2026,10,22) - DATEVALUE(D9))) / 28)) | G9: =SUMIF(Erfasste_Truhen_Feed!C:C, B9, Erfasste_Truhen_Feed!F:F) | H9: =IFERROR(VLOOKUP(B9, Turmbau_Tracker!B:E, 4, FALSE), 0) | I9: =G9+H9 | J9: =IF(I9>=F9, "Ja", "Nein")
A10: 9 | B10: Delalen | C10: Offizier | D10: 22.10.2026 | E10: Nein | F10: =IF(E10="Ja", 12500, 15000) * MAX(0, MIN(1, (28 - MAX(0, DATE(2026,10,22) - DATEVALUE(D10))) / 28)) | G10: =SUMIF(Erfasste_Truhen_Feed!C:C, B10, Erfasste_Truhen_Feed!F:F) | H10: =IFERROR(VLOOKUP(B10, Turmbau_Tracker!B:E, 4, FALSE), 0) | I10: =G10+H10 | J10: =IF(I10>=F10, "Ja", "Nein")
A11: 10 | B11: Loki | C11: Offizier | D11: 22.10.2026 | E11: Nein | F11: =IF(E11="Ja", 12500, 15000) * MAX(0, MIN(1, (28 - MAX(0, DATE(2026,10,22) - DATEVALUE(D11))) / 28)) | G11: =SUMIF(Erfasste_Truhen_Feed!C:C, B11, Erfasste_Truhen_Feed!F:F) | H11: =IFERROR(VLOOKUP(B11, Turmbau_Tracker!B:E, 4, FALSE), 0) | I11: =G11+H11 | J11: =IF(I11>=F11, "Ja", "Nein")
A12: 11 | B12: Gran Rex | C12: Offizier | D12: 22.10.2026 | E12: Nein | F12: =IF(E12="Ja", 12500, 15000) * MAX(0, MIN(1, (28 - MAX(0, DATE(2026,10,22) - DATEVALUE(D12))) / 28)) | G12: =SUMIF(Erfasste_Truhen_Feed!C:C, B12, Erfasste_Truhen_Feed!F:F) | H12: =IFERROR(VLOOKUP(B12, Turmbau_Tracker!B:E, 4, FALSE), 0) | I12: =G12+H12 | J12: =IF(I12>=F12, "Ja", "Nein")
A13: 12 | B13: TECH | C13: Offizier | D13: 22.10.2026 | E13: Nein | F13: =IF(E13="Ja", 12500, 15000) * MAX(0, MIN(1, (28 - MAX(0, DATE(2026,10,22) - DATEVALUE(D13))) / 28)) | G13: =SUMIF(Erfasste_Truhen_Feed!C:C, B13, Erfasste_Truhen_Feed!F:F) | H13: =IFERROR(VLOOKUP(B13, Turmbau_Tracker!B:E, 4, FALSE), 0) | I13: =G13+H13 | J13: =IF(I13>=F13, "Ja", "Nein")
... A72: 71 | B72: Gigi | C72: Soldat | D72: 22.10.2026 | E72: Nein | F72: =IF(E72="Ja", 12500, 15000) * MAX(0, MIN(1, (28 - MAX(0, DATE(2026,10,22) - DATEVALUE(D72))) / 28)) | G72: =SUMIF(Erfasste_Truhen_Feed!C:C, B72, Erfasste_Truhen_Feed!F:F) | H72: =IFERROR(VLOOKUP(B72, Turmbau_Tracker!B:E, 4, FALSE), 0) | I72: =G72+H72 | J72: =IF(I72>=F72, "Ja", "Nein")

Sheet Turmbau_Tracker
A1: ID | B1: Spielername | C1: Rang | D1: Türme_Gebaut (Anzahl) | E1: Turmbau_Punkte (50 Pkt/Turm)
A2: 1 | B2: LegatusLabienus | C2: Anführer | D2: 0 | E2: =D2*50
A3: 2 | B3: man of war | C3: Vorgesetzter | D3: 0 | E3: =D3*50
A4: 3 | B4: Miss Dire | C4: Vorgesetzter | D4: 0 | E4: =D4*50
A5: 4 | B5: WYSIWYG | C5: Vorgesetzter | D5: 0 | E5: =D5*50
A6: 5 | B6: LedZep2 | C6: Vorgesetzter | D6: 0 | E6: =D6*50
A7: 6 | B7: Frederico Freitas | C7: Vorgesetzter | D7: 0 | E7: =D7*50
A8: 7 | B8: Rainha de Copas | C8: Vorgesetzter | D8: 0 | E8: =D8*50
A9: 8 | B9: kikito | C9: Vorgesetzter | D9: 0 | E9: =D9*50
A10: 9 | B10: Parvus 51 | C10: Offizier | D10: 0 | E10: =D10*50
A11: 10 | B11: Delalen | C11: Offizier | D11: 0 | E11: =D11*50
A12: 11 | B12: Loki | C12: Offizier | D12: 0 | E12: =D12*50
A13: 12 | B13: Gran Rex | C13: Offizier | D13: 0 | E13: =D13*50
... A74: 73 | B74: Gigi | C74: Soldat | D74: 0 | E74: =D74*50

Sheet Erfasste_Truhen_Feed
A1: Datum_Zeit | B1: Truhen_ID | C1: Spielername | D1: Kategorie_Truhenart | E1: Level_Typ | F1: Punkte_Wert
A2: 2026-10-23 01:43 | B2: TR-003 | C2: Son Of Algéri | D2: Infernale Truhe | E2: Gruft Level 10 | F2: 0
A3: 2026-10-23 01:44 | B3: TR-004 | C3: Gigi | D3: Infernale Truhe | E3: Gruft Level 20 | F3: 20
A4: 2026-10-23 01:44 | B4: TR-005 | C4: Sir Charles | D4: Unionstruhe | E4: Persönliche Belohnung | F4: 50
A5: 2026-10-23 01:44 | B5: TR-006 | C5: PABLUS | D5: Vergessene Truhe | E5: Gruft Level 15 | F5: 0
A6: 2026-10-23 01:44 | B6: TR-007 | C6: Son Of Algéri | D6: Schöne Truhe | E6: Gruft Level 20 | F6: 20
A7: 2026-10-23 01:44 | B7: TR-008 | C7: PABLUS | D7: Gladiatorentruhe | E7: Arena | F7: 0
A8: 2026-10-23 01:44 | B8: TR-009 | C8: Sir Charles | D8: Schöne Truhe | E8: Gruft Level 25 | F8: 25
A9: 2026-10-23 01:44 | B9: TR-010 | C9: Sir Charles | D9: Knochentruhe | E9: Gruft Level 25 | F9: 25
A10: 2026-10-23 01:44 | B10: TR-011 | C10: Goll | D10: Infernale Truhe | E10: Gruft Level 25 | F10: 50
A11: 2026-10-23 01:45 | B11: TR-012 | C11: PABLUS | D11: Feuertruhe | E11: Gruft Level 15 | F11: 0
A12: 2026-10-23 01:45 | B12: TR-013 | C12: Goll | D12: Truhe der Zwergen-Werkstatt | E12: Gruft Level 25 | F12: 25
A13: 2026-10-23 01:45 | B13: TR-014 | C13: Mojo | D13: Sandtruhe | E13: Gruft Level 25 | F13: 25
... A238: 2026-10-23 02:10 | B238: TR-239 | C238: TECH | D238: Feuertruhe | E238: Gruft Level 25 | F238: 25

Sheet Regelwerk_Punktwerte
A1: Clan-Regelwerk - Offizielle Punktewerte & Turmbau
A3: Kategorie / Truhenart | B3: Level / Typ | C3: Punkte-Wert
A4: Normale Gruft | B4: Level 10 | C4: Ausgeschlossen (0 Pkt)
A5: Normale Gruft | B5: Level 15 | C5: Ausgeschlossen (0 Pkt)
A6: Normale Gruft | B6: Level 20 | C6: 20 Pkt
A7: Normale Gruft | B7: Level 25 | C7: 25 Pkt
A8: Seltene Gruft | B8: Level 15 | C8: 15 Pkt
A9: Seltene Gruft | B9: Level 20 | C9: 20 Pkt
A10: Seltene Gruft | B10: Level 25 | C10: 25 Pkt
A11: Seltene Gruft | B11: Level 30 | C11: 50 Pkt
A12: Epische Gruft | B12: Level 15 | C12: 30 Pkt
A13: Epische Gruft | B13: Level 20 | C13: 40 Pkt
A14: Epische Gruft | B14: Level 25 | C14: 50 Pkt
... A49: Turmbau (Spezial) | B49: Pro gebautem Turm | C49: 50 Pkt

Sheet Top_5_Truhen_Könige
A1: Top 5 Clan-Mitglieder - Die meisten Punkte (Truhen + Turmbau)
A3: Platzierung | B3: Spielername | C3: Rang | D3: Truhen_Punkte | E3: Gesamt_Punkte (inkl. Turmbau)
A4: Platz 1 | B4: =INDEX(Truhen_Tracker!B:B, MATCH(LARGE(Truhen_Tracker!I:I, 1), Truhen_Tracker!I:I, 0)) | C4: =VLOOKUP(B4, Truhen_Tracker!B:C, 2, FALSE()) | D4: =VLOOKUP(B4, Truhen_Tracker!B:G, 6, FALSE()) | E4: =VLOOKUP(B4, Truhen_Tracker!B:I, 9, FALSE())
A5: Platz 2 | B5: =INDEX(Truhen_Tracker!B:B, MATCH(LARGE(Truhen_Tracker!I:I, 2), Truhen_Tracker!I:I, 0)) | C5: =VLOOKUP(B5, Truhen_Tracker!B:C, 2, FALSE()) | D5: =VLOOKUP(B5, Truhen_Tracker!B:G, 6, FALSE()) | E5: =VLOOKUP(B5, Truhen_Tracker!B:I, 9, FALSE())
A6: Platz 3 | B6: =INDEX(Truhen_Tracker!B:B, MATCH(LARGE(Truhen_Tracker!I:I, 3), Truhen_Tracker!I:I, 0)) | C6: =VLOOKUP(B6, Truhen_Tracker!B:C, 2, FALSE()) | D6: =VLOOKUP(B6, Truhen_Tracker!B:G, 6, FALSE()) | E6: =VLOOKUP(B6, Truhen_Tracker!B:I, 9, FALSE())
A7: Platz 4 | B7: =INDEX(Truhen_Tracker!B:B, MATCH(LARGE(Truhen_Tracker!I:I, 4), Truhen_Tracker!I:I, 0)) | C7: =VLOOKUP(B7, Truhen_Tracker!B:C, 2, FALSE()) | D7: =VLOOKUP(B7, Truhen_Tracker!B:G, 6, FALSE()) | E7: =VLOOKUP(B7, Truhen_Tracker!B:I, 9, FALSE())
A8: Platz 5 | B8: =INDEX(Truhen_Tracker!B:B, MATCH(LARGE(Truhen_Tracker!I:I, 5), Truhen_Tracker!I:I, 0)) | C8: =VLOOKUP(B8, Truhen_Tracker!B:C, 2, FALSE()) | D8: =VLOOKUP(B8, Truhen_Tracker!B:G, 6, FALSE()) | E8: =VLOOKUP(B8, Truhen_Tracker!B:I, 9, FALSE())

Sheet Silber_Bank
A1: ID | B1: Spielername | C1: Rang | D1: Status / Rolle
A2: 1 | B2: LegatusLabienus | C2: Anführer | D2: Hauptbank
A3: 2 | B3: man of war | C3: Vorgesetzter | D3: Hauptbank
A4: 3 | B4: Miss Dire | C4: Vorgesetzter | D4: Hauptbank
A5: 4 | B5: WYSIWYG | C5: Vorgesetzter | D5: Hauptbank
A6: 5 | B6: LedZep2 | C6: Vorgesetzter | D6: Hauptbank
A7: 6 | B7: Frederico Freitas | C7: Vorgesetzter | D7: Hauptbank
A8: 7 | B8: Rainha de Copas | C8: Vorgesetzter | D8: Hauptbank
A9: 8 | B9: kikito | C9: Vorgesetzter | D9: Hauptbank
A10: 9 | B10: Parvus 51 | C10: Offizier | D10: Hauptbank
A11: 10 | B11: Delalen | C11: Offizier | D11: Hauptbank
A12: 11 | B12: Loki | C12: Offizier | D12: Hauptbank
A13: 12 | B13: Gran Rex | C13: Offizier | D13: Hauptbank
... A74: 73 | B74: Gigi | C74: Soldat | D74: Hauptbank
